ID,SKU,Nombre,Slug,Descripción,Descripción Corta,Marca,Categoría ID,Categoría Nombre,Categoría Slug,Subcategoría,Precio Oferta (CLP),Precio Original (CLP),Descuento %,Precio Mayorista 10+ (CLP),Rating (1-5),N° Reseñas,Stock,Vendidos,Disponibilidad,Peso Kg,Certificado SEC,Garantía,Es Oferta Flash,Es B2B,Es Nuevo,Es Destacado,Es BestSeller,Tags,Specs (JSON),Specs Texto,Tier Prices (JSON),Imagen Principal,Imagen Secundaria,URL Producto,Precio Formateado
p001,LED-PRO-200W-IP66,Proyector LED 200W IP66 Luz Fría 6500K Alta Potencia SEC,proyector-led-200w-ip66,"Proyector LED de alta eficiencia para exterior, carcasa de aluminio inyectado, driver Mean Well incluido. Ideal para canchas, galpones y fachadas industriales. Vida útil 50.000 horas.",Proyector LED 200W IP66 6500K - Uso industrial,StarLight Pro,iluminacion-led-neon,Iluminación LED & Neón Flex,iluminacion-led-neon,Proyectores LED,45990,69990,34,38990,4.8,342,120,890,En Stock,3.2,SÍ,2 años,SÍ,NO,NO,SÍ,SÍ,"proyector, ip66, exterior","{""Potencia"":""200W"",""Lúmenes"":""28.000 lm"",""IP"":""IP66"",""Voltaje"":""85-265V"",""Temperatura"":""6500K""}","Potencia: 200W | Lúmenes: 28.000 lm | IP: IP66 | Voltaje: 85-265V | Temperatura: 6500K","[{""minQty"":1,""maxQty"":4,""price"":45990,""label"":""1-4 unidades""},{""minQty"":5,""maxQty"":9,""price"":41990,""label"":""5-9 unidades""},{""minQty"":10,""price"":38990,""label"":""10+ unidades (Mayorista)""}]",/Proyector LED 200W IP66 Luz Fria 6500K Alta Potencia SEC.png,https://images.unsplash.com/photo-1558618666-fcd25c85cd64?w=600&h=600&fit=crop,/producto/proyector-led-200w-ip66,$45.990
p002,NEON-FLEX-12V-RGB-5M,Cinta Neón Flex 12V RGB 5 Metros + Control Remoto IP65,cinta-neon-flex-rgb-5m,"Neón Flex de silicona flexible, corte cada 2.5cm, 120 LEDs/m, incluye control RF y fuente 12V 5A.",Neón Flex RGB 12V 5m IP65 + Control Remoto,FlexNeon,iluminacion-led-neon,Iluminación LED & Neón Flex,iluminacion-led-neon,Cintas LED & Neón Flex,18990,29990,37,15990,4.6,521,340,1240,En Stock,0.8,SÍ,1 año,SÍ,NO,NO,SÍ,NO,"neon, rgb, flexible","{""Voltaje"":""12V DC"",""Largo"":""5m"",""LEDs"":""600 SMD2835"",""IP"":""IP65"",""Control"":""RF 44 teclas""}","Voltaje: 12V DC | Largo: 5m | LEDs: 600 SMD2835 | IP: IP65 | Control: RF 44 teclas","[{""minQty"":1,""maxQty"":9,""price"":18990,""label"":""1-9 rollos""},{""minQty"":10,""price"":15990,""label"":""10+ rollos""}]",/Cinta Neón Flex 12V RGB 5 Metros-Control Remoto IP65.png,https://images.unsplash.com/photo-1492684223066-81342ee5ff30?w=600&h=600&fit=crop,/producto/cinta-neon-flex-rgb-5m,$18.990
p003,MULT-FLKE-117-TRUE,Multímetro Digital True RMS Fluke 117 Profesional Electricista,multimetro-fluke-117-true-rms,"Multímetro diseñado para electricistas comerciales e industriales. True RMS, VoltAlert, medición de frecuencia y capacitancia. CAT III 600V.",Multímetro True RMS Fluke 117 CAT III 600V,Fluke,instrumentos-medicion,Instrumentos de Medición & Térmicos,instrumentos-medicion,Multímetros Digitales,189990,229990,17,189990,4.9,128,45,310,Stock Medio,0.6,SÍ,3 años,NO,SÍ,NO,NO,SÍ,"multimetro, fluke, true rms","{""Display"":""6000 cuentas"",""Precisión"":""0.5%"",""Alimentación"":""9V"",""CAT"":""CAT III 600V""}","Display: 6000 cuentas | Precisión: 0.5% | Alimentación: 9V | CAT: CAT III 600V",,https://images.unsplash.com/photo-1581092160562-40aa08e78837?w=600&h=600&fit=crop,https://images.unsplash.com/photo-1581091226825-a6a2a5aee158?w=600&h=600&fit=crop,/producto/multimetro-fluke-117-true-rms,$189.990
p004,CRIMP-HYD-16-300MM,Prensa Hidráulica 16 Ton 16-300mm² + 8 Dados Hexagonales,prensa-hidraulica-16ton,"Prensa hidráulica manual para terminales de cobre y aluminio. Fuerza 16 toneladas, cabezal giratorio 360°, incluye maletín.",Prensa Hidráulica 16T 16-300mm² 8 dados,HydraPress,herramientas-maquinarias,Herramientas & Maquinarias,herramientas-maquinarias,Prensas Hidráulicas,89990,129990,31,79990,4.7,89,28,156,Stock Medio,6.1,NO,1 año,SÍ,SÍ,NO,NO,NO,"hidraulica, crimpadora, terminales","{""Fuerza"":""16 Ton"",""Rango"":""16-300mm²"",""Peso"":""5.8kg"",""Dados"":""8 pares""}","Fuerza: 16 Ton | Rango: 16-300mm² | Peso: 5.8kg | Dados: 8 pares","[{""minQty"":1,""maxQty"":4,""price"":89990,""label"":""1-4""},{""minQty"":5,""price"":79990,""label"":""5+ (Contratista)""}]",/Prensa Hidraulica 16 Ton 16-300mm8 Dados Hexagonales.png,https://images.unsplash.com/photo-1581092580497-e0d23cbdf1dc?w=600&h=600&fit=crop,/producto/prensa-hidraulica-16ton,$89.990
p005,TUBO-UVC-36W-G13,Tubo Germicida UV-C 36W G13 120cm Esterilización O3 Free,tubo-germicida-uvc-36w,"Tubo UV-C 254nm para esterilización de aire y superficies. Sin ozono, vidrio cuarzo, vida útil 9000h. Para purificadores y hospitales.",Tubo UV-C 36W G13 254nm 9000h sin ozono,Sterilux,tubos-lamparas-especiales,Tubos & Lámparas Especiales,tubos-lamparas-especiales,Tubos Germicidas UV-C,12990,18990,32,12990,4.5,67,210,430,En Stock,0.4,SÍ,6 meses,NO,NO,SÍ,NO,NO,"uvc, germicida, esterilizacion","{""Potencia"":""36W"",""Longitud"":""120cm"",""Base"":""G13"",""Vida"":""9000h""}","Potencia: 36W | Longitud: 120cm | Base: G13 | Vida: 9000h",,/Tubo Germicida UV-C 36W G13 120cm Esterilizacion O3 Free.png,,/producto/tubo-germicida-uvc-36w,$12.990
p006,EST-SOLD-JBC-245W,Estación de Soldado JBC CD-2BE 130W + Punta C245 Control PID,estacion-soldado-jbc-130w,"Estación profesional con calentamiento en 2 segundos, recuperación térmica instantánea, modo reposo y hibernación.",Estación Soldado JBC 130W PID C245,JBC,fuentes-poder-soldadura,Fuentes de Poder & Soldadura,fuentes-poder-soldadura,Estaciones de Soldado,349990,,,349990,4.9,44,18,92,Pocas Unidades,2.8,SÍ,2 años,NO,SÍ,NO,SÍ,NO,"estacion, soldado, jbc","{""Potencia"":""130W"",""Temp"":""90-450°C"",""Punta"":""C245"",""Alimentación"":""230V""}","Potencia: 130W | Temp: 90-450°C | Punta: C245 | Alimentación: 230V",,/Estación de Soldado JBC CD-2BE 130W Punta C245 Control PID.png,,/producto/estacion-soldado-jbc-130w,$349.990
p007,BATT-LITIO-18650-3000,Pack 4x Batería Litio 18650 3000mAh 15A Samsung 30Q Original,pack-bateria-18650-4un,"Celdas 18650 originales Samsung INR18650-30Q, alta descarga 15A, ideal para linternas, vape y power tools. Con estuche.",Pack 4x 18650 3000mAh Samsung 30Q 15A,Samsung SDI,pilas-baterias-cargadores,"Pilas, Baterías & Cargadores",pilas-baterias-cargadores,Pilas de Litio 18650/21700,15990,21990,27,15990,4.8,412,500,2100,En Stock,0.2,SÍ,6 meses,SÍ,NO,NO,NO,SÍ,"18650, litio, samsung","{""Capacidad"":""3000mAh"",""Descarga"":""15A"",""Voltaje"":""3.6V"",""Ciclos"":""250+""}","Capacidad: 3000mAh | Descarga: 15A | Voltaje: 3.6V | Ciclos: 250+",,/Pack 4x Bateria Litio 18650 3000mAh 15A Samsung 30Q.png,,/producto/pack-bateria-18650-4un,$15.990
p008,DISY-2P-32A-6KA,Disyuntor Termomagnético 2P 32A 6kA Curva C Riel DIN Schneider,disyuntor-2p-32a-schneider,"Disyuntor bipolar curva C, poder de corte 6kA, norma IEC60898. Para tableros domiciliarios e industriales.",Disyuntor 2P 32A 6kA Curva C Schneider,Schneider Electric,seguridad-control-electrico,Seguridad & Control Eléctrico,seguridad-control-electrico,Disyuntores & Diferenciales,6990,9900,29,5990,4.7,298,800,1850,En Stock,0.2,SÍ,1 año,NO,NO,NO,NO,SÍ,"disyuntor, termomagnetico, schneider","{""Polos"":""2P"",""Corriente"":""32A"",""Corte"":""6kA"",""Curva"":""C""}","Polos: 2P | Corriente: 32A | Corte: 6kA | Curva: C","[{""minQty"":1,""maxQty"":9,""price"":6990,""label"":""1-9""},{""minQty"":10,""maxQty"":49,""price"":5990,""label"":""10-49""},{""minQty"":50,""price"":4990,""label"":""50+ Mayorista""}]",/Disyuntor Termomagnetico 2P 32A 6kA Curva C Riel DIN Schneider.png,,/producto/disyuntor-2p-32a-schneider,$6.990
p009,CAM-TERM-FLIR-C5,Cámara Termográfica FLIR C5 WiFi 160x120 MSX -20 a 400°C,camara-termografica-flir-c5,"Cámara compacta con conectividad WiFi, FLIR Ignite Cloud, MSX y medición precisa. Para mantenimiento eléctrico y edilicio.",Cámara FLIR C5 160x120 WiFi MSX 400°C,FLIR,instrumentos-medicion,Instrumentos de Medición & Térmicos,instrumentos-medicion,Cámaras Termográficas,699990,,,699990,4.9,21,9,38,Pocas Unidades,0.9,NO,2 años,NO,SÍ,NO,SÍ,NO,"termografica, flir, mantenimiento","{""Resolución"":""160x120"",""Rango"":""-20 a 400°C"",""Precisión"":""±3°C"",""WiFi"":""Sí""}","Resolución: 160x120 | Rango: -20 a 400°C | Precisión: ±3°C | WiFi: Sí",,/Camara Termografica FLIR C5 WiFi 160x120 MSX -20 a 400C.png,,/producto/camara-termografica-flir-c5,$699.990
p010,PELAC-AUTO-0.2-6MM,Pelacables Automático 0.2-6mm² + Crimpador Terminales Ferrule,pelacables-automatico-0-2-6mm,"Pelacables autoajustable para cables 10-24 AWG, cuchillas de acero, crimpador integrado.",Pelacables Automático 0.2-6mm² + Crimpador,Knipex Style,herramientas-maquinarias,Herramientas & Maquinarias,herramientas-maquinarias,Pelacables & Alicates,12990,18990,32,12990,4.6,176,240,670,En Stock,0.3,NO,1 año,SÍ,NO,NO,NO,NO,"pelacables, ferrule, automatico","{""Rango"":""0.2-6mm²"",""AWG"":""10-24"",""Largo"":""210mm""}","Rango: 0.2-6mm² | AWG: 10-24 | Largo: 210mm",,/Pelacables Automatico 02-6mm Crimpador Terminales.png,,/producto/pelacables-automatico-0-2-6mm,$12.990
p011,FUENTE-12V-30A-360W,Fuente Switching 12V 30A 360W IP20 Transformador LED Mean Well,fuente-switching-12v-30a,"Fuente conmutada 110-240V a 12V DC, protección sobrecarga, cortocircuito y sobretensión. Para cintas LED y CCTV.",Fuente 12V 30A 360W Switching IP20,Mean Well LRS,fuentes-poder-soldadura,Fuentes de Poder & Soldadura,fuentes-poder-soldadura,Transformadores 12V/24V,22990,29990,23,22990,4.8,334,95,890,Stock Medio,1.1,SÍ,2 años,NO,NO,NO,NO,SÍ,"fuente, switching, meanwell","{""Entrada"":""110-240V"",""Salida"":""12V 30A"",""Potencia"":""360W"",""IP"":""IP20""}","Entrada: 110-240V | Salida: 12V 30A | Potencia: 360W | IP: IP20",,https://images.unsplash.com/photo-1581092580497-e0d23cbdf1dc?w=600&h=600&fit=crop,,/producto/fuente-switching-12v-30a,$22.990
p012,AMP-LED-18W-EMB,Panel LED Embutido 18W 6500K 1200lm Marco Aluminio Pack x6,panel-led-embutido-18w-pack6,"Pack 6 paneles redondos 18W luz fría, driver externo incluido, instalación rápida. Ideal oficinas y locales.",Pack 6x Panel LED 18W 6500K Embutido,StarLight,iluminacion-led-neon,Iluminación LED & Neón Flex,iluminacion-led-neon,Ampolletas & Paneles LED,29990,49990,40,29990,4.7,203,150,560,En Stock,2.4,SÍ,2 años,SÍ,NO,NO,NO,NO,"panel, embutido, oficina","{""Potencia"":""18W c/u"",""Flujo"":""1200 lm"",""Diámetro"":""225mm"",""Vida"":""30.000h""}","Potencia: 18W c/u | Flujo: 1200 lm | Diámetro: 225mm | Vida: 30.000h",,/panel LED Embutido 18W 6500K 1200lm Marco Aluminio Pack x6.png,,/producto/panel-led-embutido-18w-pack6,$29.990
p013,CARG-INT-XTAR-VC4,Cargador Inteligente XTAR VC4 4 Bahías Li-ion/Ni-MH USB Pantalla LCD,cargador-xtar-vc4-4bahias,"Cargador con detección automática, 4 canales independientes, pantalla LCD, compatible 10440 a 32650.",Cargador XTAR VC4 4 bahías LCD USB,XTAR,pilas-baterias-cargadores,"Pilas, Baterías & Cargadores",pilas-baterias-cargadores,Cargadores Inteligentes,19990,,,19990,4.8,98,76,240,Stock Medio,0.3,SÍ,1 año,NO,NO,SÍ,NO,NO,"cargador, xtar, 18650","{""Bahías"":""4"",""Entrada"":""5V 2.1A"",""Baterías"":""Li-ion/Ni-MH"",""Display"":""LCD""}","Bahías: 4 | Entrada: 5V 2.1A | Baterías: Li-ion/Ni-MH | Display: LCD",,https://images.unsplash.com/photo-1609091839311-d5365f9ff1c5?w=600&h=600&fit=crop,,/producto/cargador-xtar-vc4-4bahias,$19.990
p014,ARDUINO-UNO-R3-ORIG,Arduino UNO R3 Original + Cable USB + Pack Resistencias & Jumpers,arduino-uno-r3-pack,"Placa original, micro ATmega328P, incluye cable USB y kit iniciación 200 piezas.",Arduino UNO R3 Original + Kit 200pzs,Arduino,electronica-miscelaneos,Electrónica & Misceláneos,electronica-miscelaneos,Protoboard & Arduino,24990,32990,24,24990,4.9,512,180,1450,En Stock,0.5,NO,6 meses,NO,NO,NO,SÍ,SÍ,"arduino, uno, protoboard","{""MCU"":""ATmega328P"",""Voltaje"":""5V"",""Entradas"":""14 digital, 6 analógicas"",""Memoria"":""32KB""}","MCU: ATmega328P | Voltaje: 5V | Entradas: 14 digital, 6 analógicas | Memoria: 32KB",,/Arduino UNO R3 Original Cable USBPack Resistencias & Jumpers.png,,/producto/arduino-uno-r3-pack,$24.990
p015,TAB-EMP-36POLOS-IP65,Tablero Eléctrico Embutido 36 Polos IP65 Transparente Riel DIN,tablero-36-polos-ip65,"Tablero para 36 módulos, puerta transparente, IP65, material ABS ignífugo.",Tablero 36 Polos IP65 Transparente,StarBox,seguridad-control-electrico,Seguridad & Control Eléctrico,seguridad-control-electrico,Tableros & Gabinetes,18990,,,18990,4.6,54,62,180,Stock Medio,1.8,SÍ,1 año,NO,SÍ,NO,NO,NO,"tablero, riel din, ip65","{""Polos"":""36"",""IP"":""IP65"",""Material"":""ABS"",""Puerta"":""Transparente""}","Polos: 36 | IP: IP65 | Material: ABS | Puerta: Transparente",,https://images.unsplash.com/photo-1621905252507-b35492cc74b4?w=600&h=600&fit=crop,,/producto/tablero-36-polos-ip65,$18.990
p016,PIROM-UNI-T-UT300S,Pirómetro Infrarrojo UNI-T UT300S -32 a 400°C Láser Emisividad Aj.,pirometro-uni-t-ut300s,"Termómetro sin contacto con puntero láser, emisividad ajustable, pantalla retroiluminada, auto apagado.",Pirómetro UNI-T UT300S -32~400°C Láser,UNI-T,instrumentos-medicion,Instrumentos de Medición & Térmicos,instrumentos-medicion,Pirómetros Infrarrojos,24990,35990,31,24990,4.5,87,110,320,En Stock,0.4,NO,1 año,SÍ,NO,NO,NO,NO,"pirometro, infrarrojo, temperatura","{""Rango"":""-32~400°C"",""Precisión"":""±1.5%"",""Distancia"":""12:1"",""Láser"":""Sí""}","Rango: -32~400°C | Precisión: ±1.5% | Distancia: 12:1 | Láser: Sí",,https://images.unsplash.com/photo-1581092160562-40aa08e78837?w=600&h=600&fit=crop,,/producto/pirometro-uni-t-ut300s,$24.990
p017,HIGHBAY-UFO-150W-65K,High Bay UFO LED 150W 6500K IP65 21000lm Meanwell + Cadena,high-bay-ufo-150w,"Campana industrial UFO 150W, driver Meanwell HBG, eficiencia 140lm/W, IP65, ideal galpones y bodegas 6-10m altura. Vida 50.000h, certificación SEC.",High Bay UFO 150W 6500K IP65 21.000lm,StarLight Pro,iluminacion-led-neon,Iluminación LED & Neón Flex,iluminacion-led-neon,Iluminación Industrial,59990,89990,33,54990,4.8,94,75,420,Stock Medio,4.1,SÍ,3 años,NO,NO,NO,SÍ,SÍ,"highbay, ufo, industrial","{""Potencia"":""150W"",""Lúmenes"":""21.000 lm"",""IP"":""IP65"",""Driver"":""Meanwell HBG""}","Potencia: 150W | Lúmenes: 21.000 lm | IP: IP65 | Driver: Meanwell HBG","[{""minQty"":1,""maxQty"":5,""price"":59990,""label"":""1-5""},{""minQty"":6,""price"":54990,""label"":""6+ Mayorista""}]",/High Bay UFO LED 150W 6500K IP65 21000lm Meanwell Cadena.png,,/producto/high-bay-ufo-150w,$59.990
p018,TALADRO-20V-13MM-4AH,Taladro Percutor Inalámbrico 20V 13mm Brushless 2x Batería 4Ah + Maletín,taladro-percutor-20v-brushless,"Taladro percutor brushless 60Nm, 2 velocidades, mandril 13mm metálico, 2 baterías 4Ah y cargador rápido. Ideal hormigón y metal.",Taladro 20V 13mm Brushless 2x4Ah,Makita Style,herramientas-maquinarias,Herramientas & Maquinarias,herramientas-maquinarias,Taladros & Atornilladores,129990,179990,28,129990,4.7,156,42,310,Stock Medio,3.8,NO,1 año,NO,NO,NO,SÍ,NO,"taladro, brushless, inalambrico","{""Voltaje"":""20V"",""Torque"":""60Nm"",""Mandril"":""13mm"",""Baterías"":""2x 4Ah""}","Voltaje: 20V | Torque: 60Nm | Mandril: 13mm | Baterías: 2x 4Ah",,/Taladro Percutor Inalambrico 20V 13mm Brushless 2x Bateria 4Ah Maletin.png,,/producto/taladro-percutor-20v-brushless,$129.990
p019,PINZA-UT210E-100A,Pinza Amperimétrica UNI-T UT210E True RMS 100A AC/DC + NCV,pinza-amperimetrica-ut210e,"Mini pinza True RMS 100A AC/DC, mandíbula 17mm, NCV, resistencia y capacímetro. Auto rango, linterna, funda.",Pinza UT210E 100A AC/DC True RMS,UNI-T,instrumentos-medicion,Instrumentos de Medición & Térmicos,instrumentos-medicion,Pinzas Amperimétricas,39990,54990,27,39990,4.9,203,88,560,Stock Medio,0.5,SÍ,1 año,NO,NO,NO,SÍ,SÍ,"pinza, amperimetrica, ut210e","{""Corriente"":""100A AC/DC"",""Apertura"":""17mm"",""TrueRMS"":""Sí"",""NCV"":""Sí""}","Corriente: 100A AC/DC | Apertura: 17mm | TrueRMS: Sí | NCV: Sí",,/Pinza Amperimetrica UNI-T UT210E True RMS 100A ACDC NCV.png,,/producto/pinza-amperimetrica-ut210e,$39.990
p020,ATRAPA-MOSQ-UV-20W-80M2,Lámpara Atrapa Mosquitos UV 20W 80m2 + Bandeja + Cadena Exterior,lampara-atrapa-mosquitos-20w,"Atrapa insectos UV-A 365nm, área 80m2, rejilla electrificada 2000V, bandeja extraíble, IPX4 para terrazas y locales.",Atrapa Mosquitos UV 20W 80m2 IPX4,InsectPro,tubos-lamparas-especiales,Tubos & Lámparas Especiales,tubos-lamparas-especiales,Lámparas Atrapa Mosquitos,25990,35990,28,25990,4.6,112,130,480,En Stock,1.4,SÍ,1 año,NO,NO,NO,SÍ,NO,"mosquitos, uv, insectos","{""Potencia"":""20W"",""Área"":""80m2"",""Voltaje"":""2000V"",""IP"":""IPX4""}","Potencia: 20W | Área: 80m2 | Voltaje: 2000V | IP: IPX4",,/Lampara Atrapa Mosquitos UV 20W 80m2 Bandeja Cadena Exterior.png,,/producto/lampara-atrapa-mosquitos-20w,$25.990
p021,CAUTIN-EST-60W-480C,Cautín Estación 60W Temperatura Regulable 200-480°C Punta 900M + Soporte,cautin-estacion-60w,"Estación cautín 60W, control PID, calentamiento 15s, puntas 900M intercambiables, soporte metálico con esponja.",Cautín 60W 200-480°C 900M,Yihua Style,fuentes-poder-soldadura,Fuentes de Poder & Soldadura,fuentes-poder-soldadura,Cautines & Pistolas,18990,26990,30,18990,4.5,87,95,290,Stock Medio,0.9,NO,6 meses,NO,NO,NO,SÍ,NO,"cautin, estacion, soldadura","{""Potencia"":""60W"",""Temp"":""200-480°C"",""Punta"":""900M"",""Calentamiento"":""15s""}","Potencia: 60W | Temp: 200-480°C | Punta: 900M | Calentamiento: 15s",,/Cautin Estacion 60W Temperatura Regulable 200-480C Punta 900M .png,,/producto/cautin-estacion-60w,$18.990
p022,POWERBANK-20K-22W-QC,Power Bank 20000mAh 22.5W QC PD Carga Rápida 2x USB + Type-C + Display,powerbank-20000mah-22w,"Batería externa 20000mAh, PD 20W + QC 22.5W, 3 salidas, display LED, carga simultánea, celdas Li-polymer grado A.",Power Bank 20.000mAh 22.5W QC PD,Baseus Style,pilas-baterias-cargadores,"Pilas, Baterías & Cargadores",pilas-baterias-cargadores,Power Banks & Estaciones,19990,29990,33,19990,4.7,245,210,980,En Stock,0.45,SÍ,1 año,NO,NO,NO,SÍ,NO,"powerbank, qc, pd","{""Capacidad"":""20.000mAh"",""Salida"":""22.5W"",""Puertos"":""3"",""Display"":""LED""}","Capacidad: 20.000mAh | Salida: 22.5W | Puertos: 3 | Display: LED",,/Power Bank 20000mAh 22 5W QC PD Carga Rapida 2x USB Type-C Display.png,,/producto/powerbank-20000mah-22w,$19.990
p023,DOMO-WIFI-3GANG-TOUCH,Kit Domótica WiFi Interruptor Touch 3 Gang + Enchufe Smart 16A Alexa/Google,kit-domotica-wifi-touch,"Kit smart home WiFi 2.4GHz, control por app Tuya/Smart Life, comando voz Alexa/Google, temporizador y escenas. Sin hub.",Kit Domótica WiFi 3 Gang Touch + Enchufe,Tuya Smart,seguridad-control-electrico,Seguridad & Control Eléctrico,seguridad-control-electrico,Domótica & Smart Home,32990,45990,28,32990,4.6,134,68,360,Stock Medio,0.6,SÍ,1 año,NO,NO,NO,SÍ,NO,"domotica, wifi, smart","{""Protocolo"":""WiFi 2.4GHz"",""Voz"":""Alexa/Google"",""App"":""Tuya"",""Carga"":""16A""}","Protocolo: WiFi 2.4GHz | Voz: Alexa/Google | App: Tuya | Carga: 16A",,/Kit Domotica WiFi Interruptor Touch 3 Gang Enchufe Smart 16A AlexaGoogle.png,,/producto/kit-domotica-wifi-touch,$32.990
p024,P024,Panel LED 36W 600x600 4000K Marco Blanco,p024,"Panel LED 36W 600x600 4000K Marco Blanco. Producto de línea Starshop con despacho 24h en RM, despacho a todo Chile y garantía oficial.",Panel LED 36W 600x600 4000K Marco Blanco,StarLight Pro,iluminacion-led-neon,Iluminación LED & Neón Flex,iluminacion-led-neon,Paneles LED,12990,18990,32,11042,4.5,60,120,240,En Stock,1,NO,1 año,NO,NO,NO,SÍ,NO,,{},,"[{""minQty"":1,""maxQty"":4,""price"":12990,""label"":""1-4 unidades""},{""minQty"":5,""maxQty"":9,""price"":11951,""label"":""5-9 unidades""},{""minQty"":10,""price"":11042,""label"":""10+ unidades (Mayorista)""}]",/Panel LED 36W 600x600 4000K Marco Blanco.png,/Panel LED 36W 600x600 4000K Marco Blanco.png,/producto/p024,$12.990
p025,P025,Ampolleta GU10 LED 7W 3000K Pack x4,p025,"Ampolleta GU10 LED 7W 3000K Pack x4. Producto de línea Starshop con despacho 24h en RM, despacho a todo Chile y garantía oficial.",Ampolleta GU10 LED 7W 3000K Pack x4,Lumex,iluminacion-led-neon,Iluminación LED & Neón Flex,iluminacion-led-neon,Ampolletas & Paneles LED,6990,9990,30,5942,4.5,60,120,240,En Stock,1,NO,1 año,NO,NO,NO,NO,SÍ,,{},,"[{""minQty"":1,""maxQty"":4,""price"":6990,""label"":""1-4 unidades""},{""minQty"":5,""maxQty"":9,""price"":6431,""label"":""5-9 unidades""},{""minQty"":10,""price"":5942,""label"":""10+ unidades (Mayorista)""}]",/Ampolleta GU10 LED 7W 3000K Pack x4.png,/Ampolleta GU10 LED 7W 3000K Pack x4.png,/producto/p025,$6.990
p026,P026,Driver LED 12V 100W IP67 Ultra Slim,p026,"Driver LED 12V 100W IP67 Ultra Slim. Producto de línea Starshop con despacho 24h en RM, despacho a todo Chile y garantía oficial.",Driver LED 12V 100W IP67 Ultra Slim,Mean Well,iluminacion-led-neon,Iluminación LED & Neón Flex,iluminacion-led-neon,Drivers & Transformadores,15990,,,13592,4.5,60,120,240,En Stock,1,NO,1 año,NO,NO,NO,NO,NO,,{},,"[{""minQty"":1,""maxQty"":4,""price"":15990,""label"":""1-4 unidades""},{""minQty"":5,""maxQty"":9,""price"":14711,""label"":""5-9 unidades""},{""minQty"":10,""price"":13592,""label"":""10+ unidades (Mayorista)""}]",https://images.unsplash.com/photo-1558618666-fcd25c85cd64?w=600&h=600&fit=crop,https://images.unsplash.com/photo-1609091839311-d5365f9ff1c5?w=600&h=600&fit=crop,/producto/p026,$15.990
p027,P027,Tubo Germicida UV-C 15W G13 50cm,p027,"Tubo Germicida UV-C 15W G13 50cm. Producto de línea Starshop con despacho 24h en RM, despacho a todo Chile y garantía oficial.",Tubo Germicida UV-C 15W G13 50cm,Sanilux,tubos-lamparas-especiales,Tubos & Lámparas Especiales,tubos-lamparas-especiales,Tubos Germicidas UV-C,11990,16990,29,10192,4.5,60,120,240,En Stock,1,NO,1 año,NO,NO,NO,SÍ,NO,,{},,"[{""minQty"":1,""maxQty"":4,""price"":11990,""label"":""1-4 unidades""},{""minQty"":5,""maxQty"":9,""price"":11031,""label"":""5-9 unidades""},{""minQty"":10,""price"":10192,""label"":""10+ unidades (Mayorista)""}]",/Tubo Germicida UV-C 15W G13 50cm.png,/Tubo Germicida UV-C 15W G13 50cm.png,/producto/p027,$11.990
p028,P028,Lámpara Atrapa Mosquitos 20W USB,p028,"Lámpara Atrapa Mosquitos 20W USB. Producto de línea Starshop con despacho 24h en RM, despacho a todo Chile y garantía oficial.",Lámpara Atrapa Mosquitos 20W USB,BugOff,tubos-lamparas-especiales,Tubos & Lámparas Especiales,tubos-lamparas-especiales,Lámparas Atrapa Mosquitos,8990,,,7642,4.5,60,120,240,En Stock,1,NO,1 año,NO,NO,NO,NO,NO,,{},,"[{""minQty"":1,""maxQty"":4,""price"":8990,""label"":""1-4 unidades""},{""minQty"":5,""maxQty"":9,""price"":8271,""label"":""5-9 unidades""},{""minQty"":10,""price"":7642,""label"":""10+ unidades (Mayorista)""}]",https://images.unsplash.com/photo-1581092160562-40aa08e78837?w=600&h=600&fit=crop,https://images.unsplash.com/photo-1621905252507-b35492cc74b4?w=600&h=600&fit=crop,/producto/p028,$8.990
p029,P029,Lámpara Halógena HMI 575W Fresnel,p029,"Lámpara Halógena HMI 575W Fresnel. Producto de línea Starshop con despacho 24h en RM, despacho a todo Chile y garantía oficial.",Lámpara Halógena HMI 575W Fresnel,StudioLite,tubos-lamparas-especiales,Tubos & Lámparas Especiales,tubos-lamparas-especiales,Halógenas & HMI,28990,,,24642,4.5,60,120,240,En Stock,1,NO,1 año,NO,NO,NO,NO,NO,,{},,"[{""minQty"":1,""maxQty"":4,""price"":28990,""label"":""1-4 unidades""},{""minQty"":5,""maxQty"":9,""price"":26671,""label"":""5-9 unidades""},{""minQty"":10,""price"":24642,""label"":""10+ unidades (Mayorista)""}]",https://images.unsplash.com/photo-1581092580497-e0d23cbdf1dc?w=600&h=600&fit=crop,https://images.unsplash.com/photo-1492684223066-81342ee5ff30?w=600&h=600&fit=crop,/producto/p029,$28.990
p030,P030,Lámpara Infrarroja 250W Tapa Cerámica,p030,"Lámpara Infrarroja 250W Tapa Cerámica. Producto de línea Starshop con despacho 24h en RM, despacho a todo Chile y garantía oficial.",Lámpara Infrarroja 250W Tapa Cerámica,Thermo,tubos-lamparas-especiales,Tubos & Lámparas Especiales,tubos-lamparas-especiales,Lámparas Infrarrojas,9990,,,8492,4.5,60,120,240,En Stock,1,NO,1 año,NO,NO,NO,NO,NO,,{},,"[{""minQty"":1,""maxQty"":4,""price"":9990,""label"":""1-4 unidades""},{""minQty"":5,""maxQty"":9,""price"":9191,""label"":""5-9 unidades""},{""minQty"":10,""price"":8492,""label"":""10+ unidades (Mayorista)""}]",/Lampara Infrarroja 250W Tapa Ceramica.png,/Lampara Infrarroja 250W Tapa Ceramica.png,/producto/p030,$9.990
p031,P031,Enchufe Smart WiFi 16A Temporizador,p031,"Enchufe Smart WiFi 16A Temporizador. Producto de línea Starshop con despacho 24h en RM, despacho a todo Chile y garantía oficial.",Enchufe Smart WiFi 16A Temporizador,Tuya Smart,seguridad-control-electrico,Seguridad & Control Eléctrico,seguridad-control-electrico,Interruptores & Enchufes,7990,11990,33,6792,4.5,60,120,240,En Stock,1,NO,1 año,NO,NO,NO,SÍ,NO,,{},,"[{""minQty"":1,""maxQty"":4,""price"":7990,""label"":""1-4 unidades""},{""minQty"":5,""maxQty"":9,""price"":7351,""label"":""5-9 unidades""},{""minQty"":10,""price"":6792,""label"":""10+ unidades (Mayorista)""}]",/Enchufe Smart WiFi 16A Temporizador.png,/Enchufe Smart WiFi 16A Temporizador.png,/producto/p031,$7.990
p032,P032,Cámara Seguridad 2K IP66 Audio,p032,"Cámara Seguridad 2K IP66 Audio. Producto de línea Starshop con despacho 24h en RM, despacho a todo Chile y garantía oficial.",Cámara Seguridad 2K IP66 Audio,SecureCam,seguridad-control-electrico,Seguridad & Control Eléctrico,seguridad-control-electrico,Cámaras de Seguridad,23990,,,20392,4.5,60,120,240,En Stock,1,NO,1 año,NO,NO,NO,NO,SÍ,,{},,"[{""minQty"":1,""maxQty"":4,""price"":23990,""label"":""1-4 unidades""},{""minQty"":5,""maxQty"":9,""price"":22071,""label"":""5-9 unidades""},{""minQty"":10,""price"":20392,""label"":""10+ unidades (Mayorista)""}]",/Camara Seguridad 2K IP66 Audio.png,/Camara Seguridad 2K IP66 Audio.png,/producto/p032,$23.990
p033,P033,Alarma Hogar 8 Zonas Inalámbrica,p033,"Alarma Hogar 8 Zonas Inalámbrica. Producto de línea Starshop con despacho 24h en RM, despacho a todo Chile y garantía oficial.",Alarma Hogar 8 Zonas Inalámbrica,Defender,seguridad-control-electrico,Seguridad & Control Eléctrico,seguridad-control-electrico,Alarmas & Sensores,19990,,,16992,4.5,60,120,240,En Stock,1,NO,1 año,NO,NO,NO,NO,NO,,{},,"[{""minQty"":1,""maxQty"":4,""price"":19990,""label"":""1-4 unidades""},{""minQty"":5,""maxQty"":9,""price"":18391,""label"":""5-9 unidades""},{""minQty"":10,""price"":16992,""label"":""10+ unidades (Mayorista)""}]",/Alarma Hogar 8 Zonas Inalambrica.png,/Alarma Hogar 8 Zonas Inalambrica.png,/producto/p033,$19.990
p034,P034,Crimpadora Modular RJ45/RJ11 Profesional,p034,"Crimpadora Modular RJ45/RJ11 Profesional. Producto de línea Starshop con despacho 24h en RM, despacho a todo Chile y garantía oficial.",Crimpadora Modular RJ45/RJ11 Profesional,ProTool,herramientas-maquinarias,Herramientas & Maquinarias,herramientas-maquinarias,Crimpadoras & Ponchadoras,12990,17990,28,11042,4.5,60,120,240,En Stock,1,NO,1 año,NO,NO,NO,SÍ,NO,,{},,"[{""minQty"":1,""maxQty"":4,""price"":12990,""label"":""1-4 unidades""},{""minQty"":5,""maxQty"":9,""price"":11951,""label"":""5-9 unidades""},{""minQty"":10,""price"":11042,""label"":""10+ unidades (Mayorista)""}]",/Crimpadora Modular RJ45RJ11 Profesional.png,/Crimpadora Modular RJ45RJ11 Profesional.png,/producto/p034,$12.990
p035,P035,Sierra Calar 800W 6 Velocidades,p035,"Sierra Calar 800W 6 Velocidades. Producto de línea Starshop con despacho 24h en RM, despacho a todo Chile y garantía oficial.",Sierra Calar 800W 6 Velocidades,Bosch,herramientas-maquinarias,Herramientas & Maquinarias,herramientas-maquinarias,Sierras & Esmeriles,34990,,,29742,4.5,60,120,240,En Stock,1,NO,1 año,NO,NO,NO,NO,NO,,{},,"[{""minQty"":1,""maxQty"":4,""price"":34990,""label"":""1-4 unidades""},{""minQty"":5,""maxQty"":9,""price"":32191,""label"":""5-9 unidades""},{""minQty"":10,""price"":29742,""label"":""10+ unidades (Mayorista)""}]",/Sierra Calar 800W 6 Velocidades.png,/Sierra Calar 800W 6 Velocidades.png,/producto/p035,$34.990
p036,P036,Kit Electricista 12 Piezas Acero,p036,"Kit Electricista 12 Piezas Acero. Producto de línea Starshop con despacho 24h en RM, despacho a todo Chile y garantía oficial.",Kit Electricista 12 Piezas Acero,Starshop,herramientas-maquinarias,Herramientas & Maquinarias,herramientas-maquinarias,Kit Electricista Profesional,17990,24990,28,15292,4.5,60,120,240,En Stock,1,NO,1 año,NO,NO,NO,NO,SÍ,,{},,"[{""minQty"":1,""maxQty"":4,""price"":17990,""label"":""1-4 unidades""},{""minQty"":5,""maxQty"":9,""price"":16551,""label"":""5-9 unidades""},{""minQty"":10,""price"":15292,""label"":""10+ unidades (Mayorista)""}]",/Kit Electricista 12 Piezas Acero.png,/Kit Electricista 12 Piezas Acero.png,/producto/p036,$17.990
p037,P037,Cautín 60W Temp Adjustable 200-480°C,p037,"Cautín 60W Temp Adjustable 200-480°C. Producto de línea Starshop con despacho 24h en RM, despacho a todo Chile y garantía oficial.",Cautín 60W Temp Adjustable 200-480°C,Hakko,fuentes-poder-soldadura,Fuentes de Poder & Soldadura,fuentes-poder-soldadura,Cautines & Pistolas,9990,,,8492,4.5,60,120,240,En Stock,1,NO,1 año,NO,NO,NO,NO,NO,,{},,"[{""minQty"":1,""maxQty"":4,""price"":9990,""label"":""1-4 unidades""},{""minQty"":5,""maxQty"":9,""price"":9191,""label"":""5-9 unidades""},{""minQty"":10,""price"":8492,""label"":""10+ unidades (Mayorista)""}]",/Cautin 60W Temp Adjustable 200-480C.png,/Cautin 60W Temp Adjustable 200-480C.png,/producto/p037,$9.990
p038,P038,Fuente Laboratorio 30V 5A Display Dual,p038,"Fuente Laboratorio 30V 5A Display Dual. Producto de línea Starshop con despacho 24h en RM, despacho a todo Chile y garantía oficial.",Fuente Laboratorio 30V 5A Display Dual,Korad,fuentes-poder-soldadura,Fuentes de Poder & Soldadura,fuentes-poder-soldadura,Fuentes de Laboratorio,32990,42990,23,28042,4.5,60,120,240,En Stock,1,NO,1 año,NO,NO,NO,SÍ,NO,,{},,"[{""minQty"":1,""maxQty"":4,""price"":32990,""label"":""1-4 unidades""},{""minQty"":5,""maxQty"":9,""price"":30351,""label"":""5-9 unidades""},{""minQty"":10,""price"":28042,""label"":""10+ unidades (Mayorista)""}]",/Fuente Laboratorio 30V 5A Display Dual.png,/Fuente Laboratorio 30V 5A Display Dual.png,/producto/p038,$32.990
p039,P039,Inversor 1000W 12V a 220V Onda Modificada,p039,"Inversor 1000W 12V a 220V Onda Modificada. Producto de línea Starshop con despacho 24h en RM, despacho a todo Chile y garantía oficial.",Inversor 1000W 12V a 220V Onda Modificada,VoltMax,fuentes-poder-soldadura,Fuentes de Poder & Soldadura,fuentes-poder-soldadura,Inversores & UPS,27990,,,23792,4.5,60,120,240,En Stock,1,NO,1 año,NO,NO,NO,NO,NO,,{},,"[{""minQty"":1,""maxQty"":4,""price"":27990,""label"":""1-4 unidades""},{""minQty"":5,""maxQty"":9,""price"":25751,""label"":""5-9 unidades""},{""minQty"":10,""price"":23792,""label"":""10+ unidades (Mayorista)""}]",/Inversor 1000W 12V a 220V Onda Modificada.png,/Inversor 1000W 12V a 220V Onda Modificada.png,/producto/p039,$27.990
p040,P040,Medidor Láser 40m Precisión 2mm,p040,"Medidor Láser 40m Precisión 2mm. Producto de línea Starshop con despacho 24h en RM, despacho a todo Chile y garantía oficial.",Medidor Láser 40m Precisión 2mm,UNI-T,instrumentos-medicion,Instrumentos de Medición & Térmicos,instrumentos-medicion,Medidores Láser,14990,19990,25,12742,4.5,60,120,240,En Stock,1,NO,1 año,NO,NO,NO,NO,SÍ,,{},,"[{""minQty"":1,""maxQty"":4,""price"":14990,""label"":""1-4 unidades""},{""minQty"":5,""maxQty"":9,""price"":13791,""label"":""5-9 unidades""},{""minQty"":10,""price"":12742,""label"":""10+ unidades (Mayorista)""}]",/Medidor Laser 40m Precisión 2mm.png,/Medidor Laser 40m Precisión 2mm.png,/producto/p040,$14.990
p041,P041,Tester Red PoE & Cable RJ45,p041,"Tester Red PoE & Cable RJ45. Producto de línea Starshop con despacho 24h en RM, despacho a todo Chile y garantía oficial.",Tester Red PoE & Cable RJ45,NOYAFA,instrumentos-medicion,Instrumentos de Medición & Térmicos,instrumentos-medicion,Testers de Red & Cable,11990,,,10192,4.5,60,120,240,En Stock,1,NO,1 año,NO,NO,NO,NO,NO,,{},,"[{""minQty"":1,""maxQty"":4,""price"":11990,""label"":""1-4 unidades""},{""minQty"":5,""maxQty"":9,""price"":11031,""label"":""5-9 unidades""},{""minQty"":10,""price"":10192,""label"":""10+ unidades (Mayorista)""}]",/Tester Red PoE & Cable RJ45.png,/Tester Red PoE & Cable RJ45.png,/producto/p041,$11.990
p042,P042,Pila Litio 18650 3500mAh 10A,p042,"Pila Litio 18650 3500mAh 10A. Producto de línea Starshop con despacho 24h en RM, despacho a todo Chile y garantía oficial.",Pila Litio 18650 3500mAh 10A,Samsung,pilas-baterias-cargadores,"Pilas, Baterías & Cargadores",pilas-baterias-cargadores,Pilas de Litio 18650/21700,3990,,,3392,4.5,60,120,240,En Stock,1,NO,1 año,NO,NO,NO,SÍ,NO,,{},,"[{""minQty"":1,""maxQty"":4,""price"":3990,""label"":""1-4 unidades""},{""minQty"":5,""maxQty"":9,""price"":3671,""label"":""5-9 unidades""},{""minQty"":10,""price"":3392,""label"":""10+ unidades (Mayorista)""}]",/Pila Litio 18650 3500mAh 10A.png,/Pila Litio 18650 3500mAh 10A.png,/producto/p042,$3.990
p043,P043,Batería Sellada 12V 7Ah AGM,p043,"Batería Sellada 12V 7Ah AGM. Producto de línea Starshop con despacho 24h en RM, despacho a todo Chile y garantía oficial.",Batería Sellada 12V 7Ah AGM,Vision,pilas-baterias-cargadores,"Pilas, Baterías & Cargadores",pilas-baterias-cargadores,Baterías Selladas 12V,14990,19990,25,12742,4.5,60,120,240,En Stock,1,NO,1 año,NO,NO,NO,NO,NO,,{},,"[{""minQty"":1,""maxQty"":4,""price"":14990,""label"":""1-4 unidades""},{""minQty"":5,""maxQty"":9,""price"":13791,""label"":""5-9 unidades""},{""minQty"":10,""price"":12742,""label"":""10+ unidades (Mayorista)""}]",https://images.unsplash.com/photo-1609091839311-d5365f9ff1c5?w=600&h=600&fit=crop,https://images.unsplash.com/photo-1507473885765-e6ed057f782c?w=600&h=600&fit=crop,/producto/p043,$14.990
p044,P044,Power Bank 20000mAh 65W PD,p044,"Power Bank 20000mAh 65W PD. Producto de línea Starshop con despacho 24h en RM, despacho a todo Chile y garantía oficial.",Power Bank 20000mAh 65W PD,Baseus,pilas-baterias-cargadores,"Pilas, Baterías & Cargadores",pilas-baterias-cargadores,Power Banks & Estaciones,21990,,,18692,4.5,60,120,240,En Stock,1,NO,1 año,NO,NO,NO,NO,SÍ,,{},,"[{""minQty"":1,""maxQty"":4,""price"":21990,""label"":""1-4 unidades""},{""minQty"":5,""maxQty"":9,""price"":20231,""label"":""5-9 unidades""},{""minQty"":10,""price"":18692,""label"":""10+ unidades (Mayorista)""}]",/Power Bank 20000mAh 65W PD.png,/Power Bank 20000mAh 65W PD.png,/producto/p044,$21.990
p045,P045,Kit Resistencias 600pzs 1/4W,p045,"Kit Resistencias 600pzs 1/4W. Producto de línea Starshop con despacho 24h en RM, despacho a todo Chile y garantía oficial.",Kit Resistencias 600pzs 1/4W,ELEC,electronica-miscelaneos,Electrónica & Misceláneos,electronica-miscelaneos,Componentes Electrónicos,5990,,,5092,4.5,60,120,240,En Stock,1,NO,1 año,NO,NO,NO,NO,NO,,{},,"[{""minQty"":1,""maxQty"":4,""price"":5990,""label"":""1-4 unidades""},{""minQty"":5,""maxQty"":9,""price"":5511,""label"":""5-9 unidades""},{""minQty"":10,""price"":5092,""label"":""10+ unidades (Mayorista)""}]",/Kit Resistencias 600pzs 1-4W.png,/Kit Resistencias 600pzs 1-4W.png,/producto/p045,$5.990
p046,P046,Protoboard 830 Puntos + Cables,p046,"Protoboard 830 Puntos + Cables. Producto de línea Starshop con despacho 24h en RM, despacho a todo Chile y garantía oficial.",Protoboard 830 Puntos + Cables,MB,electronica-miscelaneos,Electrónica & Misceláneos,electronica-miscelaneos,Protoboard & Arduino,4990,,,4242,4.5,60,120,240,En Stock,1,NO,1 año,NO,NO,NO,NO,NO,,{},,"[{""minQty"":1,""maxQty"":4,""price"":4990,""label"":""1-4 unidades""},{""minQty"":5,""maxQty"":9,""price"":4591,""label"":""5-9 unidades""},{""minQty"":10,""price"":4242,""label"":""10+ unidades (Mayorista)""}]",/Protoboard 830 Puntos Cables.png,/Protoboard 830 Puntos Cables.png,/producto/p046,$4.990
p047,P047,Cable UTP Cat6 1m Blindado,p047,"Cable UTP Cat6 1m Blindado. Producto de línea Starshop con despacho 24h en RM, despacho a todo Chile y garantía oficial.",Cable UTP Cat6 1m Blindado,StarTech,electronica-miscelaneos,Electrónica & Misceláneos,electronica-miscelaneos,Cables & Conectores,3490,,,2967,4.5,60,120,240,En Stock,1,NO,1 año,NO,NO,NO,NO,NO,,{},,"[{""minQty"":1,""maxQty"":4,""price"":3490,""label"":""1-4 unidades""},{""minQty"":5,""maxQty"":9,""price"":3211,""label"":""5-9 unidades""},{""minQty"":10,""price"":2967,""label"":""10+ unidades (Mayorista)""}]",/Cable UTP Cat6 1m Blindado.png,/Cable UTP Cat6 1m Blindado.png,/producto/p047,$3.490
p048,P048,Parlante Bluetooth 20W IPX6,p048,"Parlante Bluetooth 20W IPX6. Producto de línea Starshop con despacho 24h en RM, despacho a todo Chile y garantía oficial.",Parlante Bluetooth 20W IPX6,Tronsmart,electronica-miscelaneos,Electrónica & Misceláneos,electronica-miscelaneos,Audio & Parlantes,12990,17990,28,11042,4.5,60,120,240,En Stock,1,NO,1 año,NO,NO,NO,SÍ,NO,,{},,"[{""minQty"":1,""maxQty"":4,""price"":12990,""label"":""1-4 unidades""},{""minQty"":5,""maxQty"":9,""price"":11951,""label"":""5-9 unidades""},{""minQty"":10,""price"":11042,""label"":""10+ unidades (Mayorista)""}]",/Parlante Bluetooth 20W IPX6.png,/Parlante Bluetooth 20W IPX6.png,/producto/p048,$12.990
p049,P049,Tira LED Decorativa 3m APP RGB,p049,"Tira LED Decorativa 3m APP RGB. Producto de línea Starshop con despacho 24h en RM, despacho a todo Chile y garantía oficial.",Tira LED Decorativa 3m APP RGB,FlexNeon,electronica-miscelaneos,Electrónica & Misceláneos,electronica-miscelaneos,Iluminación Decorativa,8990,,,7642,4.5,60,120,240,En Stock,1,NO,1 año,NO,NO,NO,NO,NO,,{},,"[{""minQty"":1,""maxQty"":4,""price"":8990,""label"":""1-4 unidades""},{""minQty"":5,""maxQty"":9,""price"":8271,""label"":""5-9 unidades""},{""minQty"":10,""price"":7642,""label"":""10+ unidades (Mayorista)""}]",/Tira LED Decorativa 3m APP RGB.png,/Tira LED Decorativa 3m APP RGB.png,/producto/p049,$8.990